Original Filename,New SEO Filename,Target City,Total Score,Emotional (25%),Technical (20%),Brand (20%),Marketing (20%),SEO (15%),Focal X (%),Focal Y (%),Category,Alt Text,Caption,Placement Tags,Reasoning
506081412_1297100405752102_1731576294305310912_n.jpg,groomed-goldendoodle-grooming-salon-deforest-wi-river-paws.jpg,DeForest,4.9,4,8,3,7,2,50,40,Grooming / Care Close-Up,"A freshly groomed Goldendoodle sits calmly on a grooming table at a River Paws salon in DeForest, Wisconsin.","Freshly groomed, happy pup ready for DeForest adventures!",Services; Gallery; Social,"This image excels in technical quality, showcasing a sharp, well-lit view of a freshly groomed Goldendoodle. Its marketing value is strong for promoting grooming services. However, the dog's expression lacks the 'joy' or 'adventure energy' typically sought for River Paws' brand, impacting emotional resonance. Brand alignment is low as the indoor grooming salon setting doesn't align with the 'natural, outdoorsy' brand identity. Local SEO potential is minimal due to the generic indoor environment, lacking identifiable Wisconsin or DeForest landmarks."
506259746_1297101049085371_914808976875074414_n.jpg,happy-groomed-pomeranian-grooming-studio-sun-prairie-wi-river-paws.jpg,Sun Prairie,7.1,7,9,5,8,6,50,40,Grooming / Care Close-Up,"A happy Pomeranian dog with a fresh groom and a watermelon bandana stands in a River Paws grooming studio in Sun Prairie, Wisconsin.",Freshly groomed and happy! Book your pup's spa day.,Services; Gallery; Social,"The image features a well-groomed Pomeranian with a cheerful expression, making it highly effective for showcasing grooming services. Technical quality is excellent with sharp focus and good lighting. While not an 'outdoorsy' scene, it strongly aligns with the 'trustworthy' and 'care' aspects of the River Paws brand. It has high marketing value for conversion on grooming pages. Local SEO potential is maximized by incorporating 'Sun Prairie' into the filename and alt text, targeting local service searches. The focal point is perfectly centered on the dog's face for maximum emotional impact."
549633504_1386646836797458_4723864184863330328_n.jpg,playful-cavapoo-grooming-waunakee-wi-river-paws.jpg,Waunakee,5.8,7,8,4,7,2,50,40,Grooming / Care Close-Up,"A playful Cavapoo dog happily waits in a grooming tub at River Paws in Waunakee, Wisconsin, ready for a fresh clean.","Happy pup, fresh and clean. Book your grooming today!",Services; Gallery; Social,"This image is excellent for showcasing grooming services, with a technically sound shot of an emotionally engaging dog. However, its indoor setting in a generic tub significantly lowers its brand alignment with River Paws' 'outdoorsy' identity and reduces local SEO potential for identifying Wisconsin landscapes. It's best suited for a dedicated grooming service page rather than a general brand hero."
549205378_1386646880130787_6984795628668914929_n.jpg,calm-bernedoodle-grooming-sun-prairie-wi-river-paws.jpg,Sun Prairie,7.6,8,9,7,9,4,50,40,Grooming / Care Close-Up,"A calm Bernedoodle with a fresh groom and blue bandana looks directly at the camera in a Sun Prairie grooming salon, cared for by River Paws.","Freshly groomed and happy, ready for River Paws adventures!",Services; Gallery; Social; Banner,"This image effectively showcases a well-groomed Bernedoodle, highlighting the quality of care. The dog's direct gaze creates strong emotional resonance and marketing appeal for grooming services. While not outdoorsy, it aligns with trust and care, making it suitable for service-focused content. Local SEO is addressed through metadata."
549162739_1386646913464117_3786410075715432044_n.jpg,happy-groomed-husky-grooming-deforest-wi-river-paws.jpg,DeForest,6.8,7,8,6,8,4,50,40,Grooming / Care Close-Up,"A happy, well-groomed Siberian Husky with an orange bandana sits on a table at a River Paws grooming facility in DeForest, Wisconsin.","Happy husky, fresh look! Book River Paws grooming today.",Services; Gallery; Social,"This image effectively showcases a happy, well-groomed Siberian Husky, making it excellent for marketing grooming services. The technical quality is high, with good focus and lighting. While the indoor setting limits 'outdoorsy' brand alignment and local SEO potential compared to adventure shots, the dog's positive demeanor conveys trust and care, aligning with River Paws' values. The metadata is optimized for the target city DeForest."
571004507_1422684359860372_9141330699065784853_n.jpg,groomed-giant-schnauzer-halloween-waunakee-wi-river-paws.jpg,Waunakee,4.8,6,8,3,4,2,50,55,Grooming / Care Close-Up,"A calm Giant Schnauzer poses in a festive Halloween studio backdrop in Waunakee, Wisconsin, showcasing River Paws grooming.",Spooky season ready! Expert grooming for your Waunakee pup.,Social; Gallery,"The image features a well-groomed Giant Schnauzer against a Halloween backdrop. While technically good and emotionally pleasant, its strong seasonal and indoor studio theme limits brand alignment with River Paws' outdoorsy image and local SEO potential for Wisconsin landscapes. It's best suited for social media or a seasonal gallery rather than core service promotion. The grooming aspect is clear."
572263495_1429709129157895_207376115258894947_n.jpg,cute-shih-tzu-mix-grooming-madison-wi-river-paws.jpg,Madison,5,7,7,3,5,1,50,40,Grooming / Care Close-Up,"A cute, well-groomed Shih Tzu mix dog wearing a purple bandana poses indoors with a Halloween backdrop for River Paws in Madison, WI.",Freshly groomed and looking adorable. Book your pup's pampering!,Services; Gallery; Social,"The image features a well-groomed Shih Tzu mix, technically sharp with good emotional resonance due to the dog's direct gaze. However, the indoor Halloween backdrop significantly detracts from River Paws' outdoorsy, natural brand alignment and local SEO potential. It's best suited for grooming services or seasonal social media posts, not core brand marketing like hero images."
Waunakee dog grooming8.jpg,clean-poodle-mix-grooming-sun-prairie-wi-river-paws.jpg,Sun Prairie,5.2,6,7,5,4,3,45,40,Grooming / Care Close-Up,"A freshly groomed Poodle mix dog stands calmly on a grooming table in Sun Prairie, showcasing River Paws care.",Freshly groomed and feeling great. Ready for fun!,Services; Gallery; Social,"The image clearly depicts a well-groomed dog, suitable for showcasing grooming services. Technical quality is good with sharp focus on the dog. However, the text overlays ('Lexi', 'Groomed by Kelly', 'PIC COLLAGE') significantly reduce its professional marketing value and brand alignment for a general website. The indoor grooming setting lacks the 'outdoorsy' and 'adventure' elements central to River Paws' brand and offers no local SEO cues for Wisconsin outdoor scenes. It's best suited for a dedicated grooming page rather than a prominent marketing spot."
Waunakee dog grooming6.jpg,calm-poodle-mix-grooming-waunakee-wi-river-paws.jpg,Waunakee,5.3,6,4,5,7,4,50,40,Grooming / Care Close-Up,"A freshly groomed black Poodle mix, Kokomo, looking calm and happy after a grooming session at River Paws in Waunakee, Wisconsin.",Kokomo's fresh groom! Expert care from River Paws.,Services; Gallery; Social,"This image effectively showcases a freshly groomed dog, Kokomo, making it ideal for a grooming service page. The dog appears calm and well-cared for, contributing positively to emotional resonance and marketing value. However, the technical quality is slightly diminished by the 'Kokomo' and 'Groomed by France' overlays, the 'PIC COLLAGE' watermark, and the somewhat cluttered background, which detract from overall professionalism and brand alignment. Local SEO potential is primarily driven by the metadata, as the visual itself lacks identifiable Waunakee or Wisconsin outdoor elements."
Waunakee dog grooming5.jpg,calm-german-shepherd-mix-grooming-deforest-wi-river-paws.jpg,DeForest,4.2,6,4,3,5,2,50,40,Grooming / Care Close-Up,"A calm German Shepherd mix, Arya, looking fresh after grooming at River Paws in DeForest, Wisconsin.","Arya's fresh groom! Happy, healthy dogs with River Paws.",Services; Gallery; Social,"The image clearly showcases a freshly groomed German Shepherd mix, suitable for a grooming service page. However, the 'PIC COLLAGE' watermark, busy striped background, and prominent text overlays ('Arya', 'Groomed by Steph') significantly detract from technical quality and brand alignment with River Paws' natural, outdoorsy aesthetic. It lacks strong emotional resonance and identifiable outdoor Wisconsin elements for local SEO."
Waunakee dog grooming.jpg,calm-poodlemix-grooming-deforest-wi-river-paws.jpg,DeForest,6.5,6,9,6,8,3,50,40,Grooming / Care Close-Up,"A freshly groomed Poodle mix dog wearing a cheerful yellow bandana, calmly posing after grooming in DeForest, Wisconsin by River Paws.",Freshly groomed and feeling fantastic! Book your dog's spa day.,Services; Gallery; Social,"This image excels in technical quality, showcasing a sharp, well-lit portrait of a freshly groomed dog. Its marketing value is high for promoting grooming services, highlighting the positive outcome. Emotional resonance is moderate, conveying calm and care rather than high energy. Brand alignment is fair, demonstrating trustworthiness and care, but lacks the 'natural' and 'outdoorsy' elements central to River Paws' overall brand identity. Local SEO potential is low as the indoor background is generic and doesn't feature identifiable Wisconsin landmarks."
Madison Hike to Groom6.jpg,before-after-poodle-mix-grooming-waunakee-wi-river-paws.jpg,Waunakee,8.7,8,9,9,10,7,50,45,Grooming / Care Close-Up,"A happy Poodle mix, first muddy outdoors, then freshly groomed indoors with a bandana by River Paws in Waunakee.",From muddy adventures to fresh and clean with River Paws!,Services; Gallery; Homepage Hero; Social,"This image excels in demonstrating the tangible benefits of River Paws' grooming services through a clear 'before and after' comparison. The technical quality is high, with sharp focus and good lighting. Brand alignment is strong, showcasing professionalism and care, while also hinting at the active lifestyle (muddy 'before') that clients' dogs enjoy. Its marketing value is outstanding for conversion, directly illustrating the transformation. Local SEO is supported by the inclusion of 'Waunakee' in the metadata, though the visual itself isn't location-specific."
Madison dog grooming 6.jpg,towel-dried-cocker-spaniel-grooming-tub-waunakee-wi-river-paws.jpg,Waunakee,6,7,8,5,7,3,50,40,Grooming / Care Close-Up,"A wet Cocker Spaniel, wrapped in a towel after a bath, looks curiously from a grooming tub at River Paws in Waunakee, WI.","Freshly bathed and towel-dried, ready for River Paws adventures!",Services; Gallery; Social,"This image excels in technical quality and emotional appeal, showcasing a dog being cared for. It's ideal for promoting grooming services. However, its indoor setting and lack of outdoor elements reduce its brand alignment with River Paws' 'outdoorsy' theme and limit its local SEO potential for visual context. It has strong marketing value for service pages."
Madison dog grooming 5.jpg,groomed-happy-poodle-grooming-madison-wi-river-paws.jpg,Madison,7.4,8,9,6,9,4,50,40,Grooming / Care Close-Up,"A happy Poodle looking clean and fresh on a grooming table after a River Paws grooming session in Madison, Wisconsin.",Freshly groomed and happy! Book your dog's pampering today.,Services; Gallery; Social,"This image perfectly showcases a happy, freshly groomed Poodle, making it ideal for promoting grooming services. The technical quality is high with excellent sharpness and lighting. While it doesn't align with River Paws' strong 'outdoorsy' brand, it strongly conveys care and trustworthiness, which are core brand values. Its marketing value for grooming is exceptional. Local SEO potential is limited visually but is boosted by the integrated city in the metadata."
Madison dog grooming 4.jpg,happy-groomed-spaniel-mix-grooming-care-madison-wi-river-paws.jpg,Madison,8.4,9,9,8,9,6,50,40,Grooming / Care Close-Up,"A happy tri-color spaniel mix dog with a green bandana smiles after grooming at River Paws in Madison, Wisconsin.",Freshly groomed and happy! Book your dog's pampering with River Paws.,Services; Gallery; Social; Banner,"This image scores highly due to the dog's joyful expression and excellent technical quality, making it ideal for showcasing happy, well-cared-for pets. The green bandana adds a touch of brand alignment, despite the indoor setting. It has strong marketing potential for grooming services, with local SEO boosted by explicit metadata for Madison."
Madison dog grooming 3.jpg,groomed-biewer-terrier-salon-madison-wi-river-paws.jpg,Madison,7.3,8,9,7,8,3,50,40,Grooming / Care Close-Up,"A freshly groomed Biewer Terrier with a purple bow sits calmly on a grooming table at River Paws in Madison, Wisconsin.",Expert grooming for happy pups! Book your dog's pampering today.,Services; Gallery; Social,"This image excels in technical quality, emotional resonance, and marketing value for grooming services, showcasing a well-cared-for Biewer Terrier. It aligns with the 'trustworthy' aspect of the River Paws brand, even though it lacks the 'outdoorsy' element. Local SEO potential is low due to the generic indoor setting, but the metadata incorporates the target city effectively. The overall score reflects its strong utility for promoting grooming services despite the limited outdoor brand alignment."
Madison dog grooming 2.jpg,groomed-goldendoodle-grooming-madison-wi-river-paws.jpg,Madison,5,5,7,4,6,2,50,40,Grooming / Care Close-Up,"A freshly groomed Goldendoodle sits calmly on a grooming table at River Paws in Madison, Wisconsin, looking adorable after its trim.",Freshly groomed and feeling great! Book your dog's spa day.,Services; Gallery; Social,"This image effectively showcases a groomed dog, making it highly relevant for a grooming service page. The dog's calm demeanor is appealing, though its expression lacks the 'adventure energy' typical of River Paws' brand. Technical quality is good, but the cluttered indoor background and lack of Wisconsin outdoor elements reduce brand alignment and local SEO potential. It's a strong visual for demonstrating grooming results."
Madison dog grooming 1.jpg,cared-pomeranian-grooming-waunakee-wi-river-paws.jpg,Waunakee,7.8,8,9,8,9,4,50,40,Grooming / Care Close-Up,"A freshly groomed Pomeranian dog happily poses in a grooming salon, wearing a watermelon bandana, ready for River Paws in Waunakee, WI.","Freshly groomed and happy, ready for fun with River Paws!",Services; Gallery; Social,"This image excels in technical quality and emotional resonance, showcasing a happy, well-cared-for Pomeranian. It strongly aligns with River Paws' brand values of trust and care, making it highly valuable for marketing grooming services. While the indoor setting limits direct local SEO potential, the metadata effectively targets Waunakee. The dog's expression and fresh groom are perfect for conversion."
Madison dog grooming.jpg,calm-cockapoo-grooming-madison-wi-river-paws.jpg,Madison,5.2,5,8,4,6,2,50,40,Grooming / Care Close-Up,"A freshly groomed Cockapoo calmly posing after a trim at a River Paws grooming salon in Madison, Wisconsin.",Freshly groomed and feeling great! Expert care for your best friend.,Services; Gallery; Social,"This image is technically strong with good focus and lighting, making it ideal for showcasing grooming services. However, the indoor setting and the dog's neutral expression reduce its emotional resonance and alignment with River Paws' outdoor, adventure-focused brand. Its local SEO potential is low due to the lack of identifiable Wisconsin scenery. It's best suited for a dedicated grooming service page."
madison dog hikes3.jpg,joyful-dog-rolling-grass-sun-prairie-wi-river-paws.jpg,Sun Prairie,8.3,9,8,9,8,7,55,65,Adventure / Hiking,"A happy Australian Cattle Dog mix joyfully rolls on its back in lush green grass near Sun Prairie, Wisconsin, enjoying a River Paws adventure.",Pure joy! Happy dog rolling in Sun Prairie grass.,Gallery; Social,"This image perfectly captures a dog's pure joy, rolling playfully in a sunny, grassy field, which strongly aligns with River Paws' adventurous and trustworthy brand. The technical quality is good, with sharp focus on the dog and bright lighting. While the specific location isn't identifiable, the natural outdoor setting is ideal for local SEO when combined with the target city in metadata. It's excellent for social media and gallery content, showcasing happy clients and their carefree spirit."
Puppy-Grooming-Near-Me.png,stylish-doodle-professional-grooming-deforest-wi-river-paws.jpg,DeForest,8.6,9,8,8.5,8.5,9,54,30,Grooming / Care Close-Up,Dapper gray doodle building confidence through gentle styling for DeForest area dogs at River Paws' professional grooming salon.,Professional styling for your best friend's confidence,Services – Grooming; Social; Gallery; Homepage Banner / CTA,"While the prompt emphasizes hiking, this image is clearly a grooming shot. I adapted the 'transformation' strategy to focus on 'building confidence' (handling/care) rather than physical exercise, while strictly adhering to the DeForest SEO Pattern 2 ('For [City] Area') to capture the target audience. The caption reinforces the brand promise of confidence-building care."
Canine-Grooming-Madison.jpg,happy-husky-mix-professional-grooming-sun-prairie-wi-river-paws.jpg,Sun Prairie,9,9.2,8.5,8.8,8.9,9.5,50,30,Grooming / Care Close-Up,Smiling husky mix building social confidence at River Paws' expert salon serving Sun Prairie families.,"Fresh, clean, and radiating pure confidence.",Services – Grooming; Social; Gallery,"The image features a direct eye-contact 'smile' from the dog, which scores highly on emotional connection. The indoor setting with grooming equipment clearly categorizes this as care/grooming. The caption focuses on the result (confidence/cleanliness) rather than just the act of grooming. The alt text utilizes Pattern 3 ('Serving Sun Prairie') to capture the target SEO geography while highlighting the 'expert salon' differentiator."
Dog-Grooming-Near-Me-scaled.jpg,joyful-doodle-professional-grooming-waunakee-wi-river-paws.jpg,Waunakee,8.7,9.5,8.5,8,8.5,9,52,28,Grooming / Care Close-Up,Radiant doodle building confidence and social skills through expert styling at River Paws' purpose-built facility in Waunakee.,Professional styling that builds total confidence.,Services – Grooming; Social; Gallery; About,"The image captures a peak emotional moment (happiness/safety) within the grooming context, directly supporting the 'confidence' transformation pillar. The bright, clean environment reinforces professional standards."
Puppy-Grooming-Nearby-scaled.jpg,confident-brown-doodle-grooming-sun-prairie-wi-river-paws.jpg,Sun Prairie,9,9.2,8.8,8.5,8.9,9.5,55,25,Grooming / Care Close-Up,Brown doodle building confidence through expert styling serving Sun Prairie families at River Paws' professional salon.,"Fresh styling for confident, happy dogs",Services – Grooming; Social; Gallery,This high-quality portrait of a freshly groomed dog effectively sells the 'gentle care' and 'confidence building' aspect of the brand. It targets the Sun Prairie market (Pattern 3) by positioning the Waunakee facility as a destination for expert services. The direct eye contact creates a strong emotional hook.
Dog-Groomer-Near-By-scaled.jpg,adorable-doodle-puppy-dog-grooming-sun-prairie-wi-river-paws.jpg,Sun Prairie,8.9,9.5,8.8,8.5,8.7,9.2,52,28,Grooming / Care Close-Up,Black and tan doodle building confidence through expert handling at professional salon near Sun Prairie with River Paws.,Building confidence with every gentle groom.,Services – Grooming; Social; Gallery; About,"The image features an incredibly high-emotional-value puppy subject which drives engagement. While it doesn't showcase the hiking differentiator, it strongly supports the 'expert care' and 'socialization' pillars of the brand. The composition is centered and clear, perfect for social media or grooming service pages. SEO targets 'Sun Prairie' using the proximity pattern to capture nearby search traffic looking for puppy care."
Puppy-Grooming-madison-wi.jpg,happy-terrier-mix-dog-grooming-waunakee-wi-river-paws.jpg,Waunakee,8.7,9,8.5,8.5,8.5,9,50,35,Grooming / Care Close-Up,Playful terrier mix building confidence through expert handling at River Paws' dedicated grooming facility in Waunakee.,Expert grooming that builds real confidence.,Services – Grooming; Gallery; Social; About,"The image perfectly captures the 'confidence' brand pillar within the grooming context. The alt text leverages the Waunakee location directly (Pattern 5) while emphasizing the professional/expert nature of the service, distinguishing it from generic grooming. The caption reinforces the emotional benefit (confidence) over the functional benefit (haircut)."
